{
  "m11_10": {
    "world_x": 9898.329986572266,
    "world_z": 8912.220001220703,
    "src_x": -305.65301513671875,
    "src_z": -297.9490051269531
  },
  "m10_00": {
    "world_x": 10371.382995605469,
    "world_z": 9701.669006347656,
    "src_x": 0.0,
    "src_z": 0.0
  },
  "m12_02": {
    "world_x": 12431.636001586914,
    "world_z": 10227.682998657227,
    "src_x": 1549.947021484375,
    "src_z": 1910.79296875
  },
  "m12_07": {
    "world_x": 11479.083000183105,
    "world_z": 9295.000999450684,
    "src_x": 599.0830078125,
    "src_z": 975.0020141601562
  },
  "m14_00": {
    "world_x": 8847.942001342773,
    "world_z": 11714.27799987793,
    "src_x": 0.0,
    "src_z": 0.0
  },
  "m16_00": {
    "world_x": 9217.741999983788,
    "world_z": 13693.753005981445,
    "src_x": -10.15999984741211,
    "src_z": 15.894000053405762
  },
  "m30_00": {
    "world_x": 10913.0,
    "world_z": 8522.0,
    "src_x": -95.0,
    "src_z": 74.0
  },
  "m30_03": {
    "world_x": 8448.0,
    "world_z": 11008.0,
    "src_x": 0.0,
    "src_z": 0.0
  },
  "m30_06": {
    "world_x": 9984.0,
    "world_z": 10496.0,
    "src_x": 0.0,
    "src_z": 0.0
  },
  "m30_09": {
    "world_x": 9472.0,
    "world_z": 13568.0,
    "src_x": 0.0,
    "src_z": 0.0
  },
  "m30_12": {
    "world_x": 9216.0,
    "world_z": 13056.0,
    "src_x": 0.0,
    "src_z": 0.0
  },
  "m30_15": {
    "world_x": 12288.0,
    "world_z": 9216.0,
    "src_x": 0.0,
    "src_z": 0.0
  },
  "m30_17": {
    "world_x": 12800.0,
    "world_z": 13568.0,
    "src_x": 0.0,
    "src_z": 0.0
  },
  "m30_19": {
    "world_x": 12800.0,
    "world_z": 14080.0,
    "src_x": 0.0,
    "src_z": 0.0
  },
  "m30_20": {
    "world_x": 12544.0,
    "world_z": 13824.0,
    "src_x": 0.0,
    "src_z": 0.0
  },
  "m31_03": {
    "world_x": 10752.0,
    "world_z": 9472.0,
    "src_x": 0.0,
    "src_z": 0.0
  },
  "m31_06": {
    "world_x": 8778.0,
    "world_z": 11638.0,
    "src_x": 74.0,
    "src_z": 118.0
  },
  "m31_09": {
    "world_x": 9472.0,
    "world_z": 14080.0,
    "src_x": 0.0,
    "src_z": 0.0
  },
  "m31_15": {
    "world_x": 10496.0,
    "world_z": 9216.0,
    "src_x": 0.0,
    "src_z": 0.0
  },
  "m31_21": {
    "world_x": 11776.0,
    "world_z": 9728.0,
    "src_x": -256.0,
    "src_z": 0.0
  },
  "m32_00": {
    "world_x": 11044.0,
    "world_z": 8380.0,
    "src_x": 36.0,
    "src_z": -68.0
  },
  "m32_02": {
    "world_x": 9360.0,
    "world_z": 12058.0,
    "src_x": -112.0,
    "src_z": 26.0
  },
  "m32_04": {
    "world_x": 9984.0,
    "world_z": 13568.0,
    "src_x": 0.0,
    "src_z": 0.0
  },
  "m32_07": {
    "world_x": 11776.0,
    "world_z": 9984.0,
    "src_x": 0.0,
    "src_z": 0.0
  },
  "m34_11": {
    "world_x": 9957.39999961853,
    "world_z": 11302.29999923706,
    "src_x": 0.0,
    "src_z": 0.0
  },
  "m34_14": {
    "world_x": 11536.678985595703,
    "world_z": 13191.436004638672,
    "src_x": 0.0,
    "src_z": 0.0
  },
  "m39_20": {
    "world_x": 9641.800003051758,
    "world_z": 12696.600006103516,
    "src_x": 121.0,
    "src_z": -1520.0
  }
}